{"app":["/app-a66971ea30049ccd0f5a.js"],"component---src-pages-404-tsx":["/component---src-pages-404-tsx-7a17b09de5ad407788ba.js"],"component---src-pages-about-tsx":["/component---src-pages-about-tsx-2cb5af10a83644aea40d.js"],"component---src-pages-blog-index-jsx":["/component---src-pages-blog-index-jsx-01bf5a4df871f55d951a.js"],"component---src-pages-blog-mdx-frontmatter-slug-js-content-file-path-blog-another-index-mdx":["/component---src-pages-blog-mdx-frontmatter-slug-js-content-file-path-blog-another-index-mdx-c86affae7e147773668d.js"],"component---src-pages-blog-mdx-frontmatter-slug-js-content-file-path-blog-second-index-mdx":["/component---src-pages-blog-mdx-frontmatter-slug-js-content-file-path-blog-second-index-mdx-2f2e454339d0a9bf0f66.js"],"component---src-pages-blog-mdx-frontmatter-slug-js-content-file-path-blog-using-context-api-or-redux-index-mdx":["/component---src-pages-blog-mdx-frontmatter-slug-js-content-file-path-blog-using-context-api-or-redux-index-mdx-099fafe26aac1a5a7562.js"],"component---src-pages-index-tsx":["/component---src-pages-index-tsx-2852ee45a585facd8f46.js"]}