{"name":"build-javascript","namedChunkGroups":{"app":{"name":"app","assets":[{"name":"webpack-runtime-6d3165fdedc00ba2949f.js","size":4225},{"name":"framework-68d316e5e8eb2d5586bb.js","size":140745},{"name":"styles.a9ee1a6c480a32da3b64.css","size":11849},{"name":"app-a66971ea30049ccd0f5a.js","size":62327}],"filteredAssets":0,"assetsSize":219146,"filteredAuxiliaryAssets":3,"auxiliaryAssetsSize":590014},"component---src-pages-404-tsx":{"name":"component---src-pages-404-tsx","assets":[{"name":"component---src-pages-404-tsx-7a17b09de5ad407788ba.js","size":748}],"filteredAssets":0,"assetsSize":748,"filteredAuxiliaryAssets":1,"auxiliaryAssetsSize":1996},"component---src-pages-about-tsx":{"name":"component---src-pages-about-tsx","assets":[{"name":"component---src-pages-about-tsx-2cb5af10a83644aea40d.js","size":1776}],"filteredAssets":0,"assetsSize":1776,"filteredAuxiliaryAssets":1,"auxiliaryAssetsSize":4237},"component---src-pages-blog-index-jsx":{"name":"component---src-pages-blog-index-jsx","assets":[{"name":"component---src-pages-blog-index-jsx-01bf5a4df871f55d951a.js","size":1773}],"filteredAssets":0,"assetsSize":1773,"filteredAuxiliaryAssets":1,"auxiliaryAssetsSize":4807},"component---src-pages-blog-mdx-frontmatter-slug-js-content-file-path-blog-another-index-mdx":{"name":"component---src-pages-blog-mdx-frontmatter-slug-js-content-file-path-blog-another-index-mdx","assets":[{"name":"aa839bba39ca0d71e23763f9b1454efa0c9750a7-3eaa8abfe42b798e73d7.js","size":11776},{"name":"component---src-pages-blog-mdx-frontmatter-slug-js-content-file-path-blog-another-index-mdx-c86affae7e147773668d.js","size":1290}],"filteredAssets":0,"assetsSize":13066,"filteredAuxiliaryAssets":2,"auxiliaryAssetsSize":78970},"component---src-pages-blog-mdx-frontmatter-slug-js-content-file-path-blog-second-index-mdx":{"name":"component---src-pages-blog-mdx-frontmatter-slug-js-content-file-path-blog-second-index-mdx","assets":[{"name":"aa839bba39ca0d71e23763f9b1454efa0c9750a7-3eaa8abfe42b798e73d7.js","size":11776},{"name":"component---src-pages-blog-mdx-frontmatter-slug-js-content-file-path-blog-second-index-mdx-2f2e454339d0a9bf0f66.js","size":1298}],"filteredAssets":0,"assetsSize":13074,"filteredAuxiliaryAssets":2,"auxiliaryAssetsSize":78976},"component---src-pages-blog-mdx-frontmatter-slug-js-content-file-path-blog-using-context-api-or-redux-index-mdx":{"name":"component---src-pages-blog-mdx-frontmatter-slug-js-content-file-path-blog-using-context-api-or-redux-index-mdx","assets":[{"name":"aa839bba39ca0d71e23763f9b1454efa0c9750a7-3eaa8abfe42b798e73d7.js","size":11776},{"name":"component---src-pages-blog-mdx-frontmatter-slug-js-content-file-path-blog-using-context-api-or-redux-index-mdx-099fafe26aac1a5a7562.js","size":10888}],"filteredAssets":0,"assetsSize":22664,"filteredAuxiliaryAssets":2,"auxiliaryAssetsSize":92339},"component---src-pages-index-tsx":{"name":"component---src-pages-index-tsx","assets":[{"name":"aa839bba39ca0d71e23763f9b1454efa0c9750a7-3eaa8abfe42b798e73d7.js","size":11776},{"name":"component---src-pages-index-tsx-2852ee45a585facd8f46.js","size":1357}],"filteredAssets":0,"assetsSize":13133,"filteredAuxiliaryAssets":2,"auxiliaryAssetsSize":79552}},"assetsByChunkName":{"app":["webpack-runtime-6d3165fdedc00ba2949f.js","framework-68d316e5e8eb2d5586bb.js","styles.a9ee1a6c480a32da3b64.css","app-a66971ea30049ccd0f5a.js"],"component---src-pages-404-tsx":["component---src-pages-404-tsx-7a17b09de5ad407788ba.js"],"component---src-pages-about-tsx":["component---src-pages-about-tsx-2cb5af10a83644aea40d.js"],"component---src-pages-blog-index-jsx":["component---src-pages-blog-index-jsx-01bf5a4df871f55d951a.js"],"component---src-pages-blog-mdx-frontmatter-slug-js-content-file-path-blog-another-index-mdx":["aa839bba39ca0d71e23763f9b1454efa0c9750a7-3eaa8abfe42b798e73d7.js","component---src-pages-blog-mdx-frontmatter-slug-js-content-file-path-blog-another-index-mdx-c86affae7e147773668d.js"],"component---src-pages-blog-mdx-frontmatter-slug-js-content-file-path-blog-second-index-mdx":["aa839bba39ca0d71e23763f9b1454efa0c9750a7-3eaa8abfe42b798e73d7.js","component---src-pages-blog-mdx-frontmatter-slug-js-content-file-path-blog-second-index-mdx-2f2e454339d0a9bf0f66.js"],"component---src-pages-blog-mdx-frontmatter-slug-js-content-file-path-blog-using-context-api-or-redux-index-mdx":["aa839bba39ca0d71e23763f9b1454efa0c9750a7-3eaa8abfe42b798e73d7.js","component---src-pages-blog-mdx-frontmatter-slug-js-content-file-path-blog-using-context-api-or-redux-index-mdx-099fafe26aac1a5a7562.js"],"component---src-pages-index-tsx":["aa839bba39ca0d71e23763f9b1454efa0c9750a7-3eaa8abfe42b798e73d7.js","component---src-pages-index-tsx-2852ee45a585facd8f46.js"]},"childAssetsByChunkName":{}}