{"app":["/app-102100cce58e3c850cc6.js"],"component---src-pages-404-tsx":["/component---src-pages-404-tsx-c6ea1dbb208c915a422c.js"],"component---src-pages-about-tsx":["/component---src-pages-about-tsx-40fdfda7f3c0f1bcd818.js"],"component---src-pages-blog-index-jsx":["/component---src-pages-blog-index-jsx-9546021f99e1afee09ed.js"],"component---src-pages-blog-mdx-frontmatter-slug-js-content-file-path-blog-everything-a-web-developer-should-know-about-figma-index-mdx":["/component---src-pages-blog-mdx-frontmatter-slug-js-content-file-path-blog-everything-a-web-developer-should-know-about-figma-index-mdx-1902de48fc48efae4b29.js"],"component---src-pages-blog-mdx-frontmatter-slug-js-content-file-path-blog-harnessing-the-power-of-usecontext-index-mdx":["/component---src-pages-blog-mdx-frontmatter-slug-js-content-file-path-blog-harnessing-the-power-of-usecontext-index-mdx-66b2a02a0b79598c69d8.js"],"component---src-pages-blog-mdx-frontmatter-slug-js-content-file-path-blog-using-context-api-or-redux-index-mdx":["/component---src-pages-blog-mdx-frontmatter-slug-js-content-file-path-blog-using-context-api-or-redux-index-mdx-6619cba09ad3031fe889.js"],"component---src-pages-blog-mdx-frontmatter-slug-js-content-file-path-blog-why-its-time-to-ditch-redux-in-react-index-mdx":["/component---src-pages-blog-mdx-frontmatter-slug-js-content-file-path-blog-why-its-time-to-ditch-redux-in-react-index-mdx-53d4e2a8416c892e1cad.js"],"component---src-pages-contact-tsx":["/component---src-pages-contact-tsx-5d5088092a71fea6e03b.js"],"component---src-pages-index-tsx":["/component---src-pages-index-tsx-da6ce160ad47b2ef4ca7.js"],"component---src-pages-portfolio-tsx":["/component---src-pages-portfolio-tsx-3115eabeb3895ab36778.js"],"component---src-pages-privacy-policy-tsx":["/component---src-pages-privacy-policy-tsx-c4ea7ceba58156c93b3f.js"],"component---src-pages-terms-tsx":["/component---src-pages-terms-tsx-b6e9df795096f42be08b.js"],"component---src-pages-test-0932548778-ladfs-tsx":["/component---src-pages-test-0932548778-ladfs-tsx-e19eb0bfab8d459e3687.js"]}