{"name":"build-javascript","namedChunkGroups":{"app":{"name":"app","assets":[{"name":"webpack-runtime-f8159cef096ef84289d4.js","size":5330},{"name":"framework-182ccc60e9f521006f20.js","size":141386},{"name":"styles.b6946cfdb71faabb4dbb.css","size":91911},{"name":"app-102100cce58e3c850cc6.js","size":69723}],"filteredAssets":0,"assetsSize":308350,"filteredAuxiliaryAssets":5,"auxiliaryAssetsSize":1065043},"component---src-pages-404-tsx":{"name":"component---src-pages-404-tsx","assets":[{"name":"68c0a17d-200bbb36988231cfcaef.js","size":996},{"name":"ead1b3d08195245529124dda34a7a625f5d7ffde-ca3c6014f4a5d1eaf5db.js","size":20364},{"name":"component---src-pages-404-tsx-c6ea1dbb208c915a422c.js","size":1394}],"filteredAssets":0,"assetsSize":22754,"filteredAuxiliaryAssets":3,"auxiliaryAssetsSize":1023255},"component---src-pages-about-tsx":{"name":"component---src-pages-about-tsx","assets":[{"name":"styles.b6946cfdb71faabb4dbb.css","size":91911},{"name":"68c0a17d-200bbb36988231cfcaef.js","size":996},{"name":"cb355538-3fb5759ad44c2cd814d5.js","size":1586},{"name":"646e0218-14c025a54390c3c291a1.js","size":880},{"name":"fea29d9f-43f08412ae6d2df5d87e.js","size":587},{"name":"41155975-34ede1ff803d50689e34.js","size":539},{"name":"ead1b3d08195245529124dda34a7a625f5d7ffde-ca3c6014f4a5d1eaf5db.js","size":20364},{"name":"b7bd80be4c7a4b269c8f43b316204676af4f691f-698432d42886363037a1.js","size":20311},{"name":"component---src-pages-about-tsx-40fdfda7f3c0f1bcd818.js","size":7545}],"filteredAssets":0,"assetsSize":144719,"filteredAuxiliaryAssets":11,"auxiliaryAssetsSize":7593282},"component---src-pages-blog-index-jsx":{"name":"component---src-pages-blog-index-jsx","assets":[{"name":"68c0a17d-200bbb36988231cfcaef.js","size":996},{"name":"ead1b3d08195245529124dda34a7a625f5d7ffde-ca3c6014f4a5d1eaf5db.js","size":20364},{"name":"component---src-pages-blog-index-jsx-9546021f99e1afee09ed.js","size":3906}],"filteredAssets":0,"assetsSize":25266,"filteredAuxiliaryAssets":3,"auxiliaryAssetsSize":1032289},"component---src-pages-blog-mdx-frontmatter-slug-js-content-file-path-blog-everything-a-web-developer-should-know-about-figma-index-mdx":{"name":"component---src-pages-blog-mdx-frontmatter-slug-js-content-file-path-blog-everything-a-web-developer-should-know-about-figma-index-mdx","assets":[{"name":"framework-182ccc60e9f521006f20.js","size":141386},{"name":"68c0a17d-200bbb36988231cfcaef.js","size":996},{"name":"ead1b3d08195245529124dda34a7a625f5d7ffde-ca3c6014f4a5d1eaf5db.js","size":20364},{"name":"900be1acffa023d7d89d91084987d2f84fdfcdfd-b56fde9cac91dcef325a.js","size":56218},{"name":"component---src-pages-blog-mdx-frontmatter-slug-js-content-file-path-blog-everything-a-web-developer-should-know-about-figma-index-mdx-1902de48fc48efae4b29.js","size":13775}],"filteredAssets":0,"assetsSize":232739,"filteredAuxiliaryAssets":5,"auxiliaryAssetsSize":1514916},"component---src-pages-blog-mdx-frontmatter-slug-js-content-file-path-blog-harnessing-the-power-of-usecontext-index-mdx":{"name":"component---src-pages-blog-mdx-frontmatter-slug-js-content-file-path-blog-harnessing-the-power-of-usecontext-index-mdx","assets":[{"name":"framework-182ccc60e9f521006f20.js","size":141386},{"name":"68c0a17d-200bbb36988231cfcaef.js","size":996},{"name":"ead1b3d08195245529124dda34a7a625f5d7ffde-ca3c6014f4a5d1eaf5db.js","size":20364},{"name":"900be1acffa023d7d89d91084987d2f84fdfcdfd-b56fde9cac91dcef325a.js","size":56218},{"name":"component---src-pages-blog-mdx-frontmatter-slug-js-content-file-path-blog-harnessing-the-power-of-usecontext-index-mdx-66b2a02a0b79598c69d8.js","size":6993}],"filteredAssets":0,"assetsSize":225957,"filteredAuxiliaryAssets":5,"auxiliaryAssetsSize":1506636},"component---src-pages-blog-mdx-frontmatter-slug-js-content-file-path-blog-using-context-api-or-redux-index-mdx":{"name":"component---src-pages-blog-mdx-frontmatter-slug-js-content-file-path-blog-using-context-api-or-redux-index-mdx","assets":[{"name":"framework-182ccc60e9f521006f20.js","size":141386},{"name":"68c0a17d-200bbb36988231cfcaef.js","size":996},{"name":"ead1b3d08195245529124dda34a7a625f5d7ffde-ca3c6014f4a5d1eaf5db.js","size":20364},{"name":"900be1acffa023d7d89d91084987d2f84fdfcdfd-b56fde9cac91dcef325a.js","size":56218},{"name":"component---src-pages-blog-mdx-frontmatter-slug-js-content-file-path-blog-using-context-api-or-redux-index-mdx-6619cba09ad3031fe889.js","size":12589}],"filteredAssets":0,"assetsSize":231553,"filteredAuxiliaryAssets":5,"auxiliaryAssetsSize":1514625},"component---src-pages-blog-mdx-frontmatter-slug-js-content-file-path-blog-why-its-time-to-ditch-redux-in-react-index-mdx":{"name":"component---src-pages-blog-mdx-frontmatter-slug-js-content-file-path-blog-why-its-time-to-ditch-redux-in-react-index-mdx","assets":[{"name":"framework-182ccc60e9f521006f20.js","size":141386},{"name":"68c0a17d-200bbb36988231cfcaef.js","size":996},{"name":"ead1b3d08195245529124dda34a7a625f5d7ffde-ca3c6014f4a5d1eaf5db.js","size":20364},{"name":"900be1acffa023d7d89d91084987d2f84fdfcdfd-b56fde9cac91dcef325a.js","size":56218},{"name":"component---src-pages-blog-mdx-frontmatter-slug-js-content-file-path-blog-why-its-time-to-ditch-redux-in-react-index-mdx-53d4e2a8416c892e1cad.js","size":11423}],"filteredAssets":0,"assetsSize":230387,"filteredAuxiliaryAssets":5,"auxiliaryAssetsSize":1512463},"component---src-pages-contact-tsx":{"name":"component---src-pages-contact-tsx","assets":[{"name":"styles.b6946cfdb71faabb4dbb.css","size":91911},{"name":"68c0a17d-200bbb36988231cfcaef.js","size":996},{"name":"cb355538-3fb5759ad44c2cd814d5.js","size":1586},{"name":"019d026b-14de4be00f42bd812887.js","size":2318},{"name":"6b2193de-c82c567ed60325726684.js","size":1570},{"name":"ead1b3d08195245529124dda34a7a625f5d7ffde-ca3c6014f4a5d1eaf5db.js","size":20364},{"name":"component---src-pages-contact-tsx-5d5088092a71fea6e03b.js","size":78792}],"filteredAssets":0,"assetsSize":197537,"filteredAuxiliaryAssets":8,"auxiliaryAssetsSize":8263324},"component---src-pages-index-tsx":{"name":"component---src-pages-index-tsx","assets":[{"name":"styles.b6946cfdb71faabb4dbb.css","size":91911},{"name":"68c0a17d-200bbb36988231cfcaef.js","size":996},{"name":"cb355538-3fb5759ad44c2cd814d5.js","size":1586},{"name":"646e0218-14c025a54390c3c291a1.js","size":880},{"name":"ebc70433-59e208be2185bbdd5856.js","size":809},{"name":"ead1b3d08195245529124dda34a7a625f5d7ffde-ca3c6014f4a5d1eaf5db.js","size":20364},{"name":"b7bd80be4c7a4b269c8f43b316204676af4f691f-698432d42886363037a1.js","size":20311},{"name":"component---src-pages-index-tsx-da6ce160ad47b2ef4ca7.js","size":11119}],"filteredAssets":0,"assetsSize":147976,"filteredAuxiliaryAssets":9,"auxiliaryAssetsSize":3948710},"component---src-pages-portfolio-tsx":{"name":"component---src-pages-portfolio-tsx","assets":[{"name":"styles.b6946cfdb71faabb4dbb.css","size":91911},{"name":"68c0a17d-200bbb36988231cfcaef.js","size":996},{"name":"cb355538-3fb5759ad44c2cd814d5.js","size":1586},{"name":"ebc70433-59e208be2185bbdd5856.js","size":809},{"name":"ead1b3d08195245529124dda34a7a625f5d7ffde-ca3c6014f4a5d1eaf5db.js","size":20364},{"name":"b7bd80be4c7a4b269c8f43b316204676af4f691f-698432d42886363037a1.js","size":20311},{"name":"component---src-pages-portfolio-tsx-3115eabeb3895ab36778.js","size":6730}],"filteredAssets":0,"assetsSize":142707,"filteredAuxiliaryAssets":8,"auxiliaryAssetsSize":3408923},"component---src-pages-privacy-policy-tsx":{"name":"component---src-pages-privacy-policy-tsx","assets":[{"name":"2e3a845b-4795c83a06a80e65198c.js","size":541},{"name":"component---src-pages-privacy-policy-tsx-c4ea7ceba58156c93b3f.js","size":5944}],"filteredAssets":0,"assetsSize":6485,"filteredAuxiliaryAssets":2,"auxiliaryAssetsSize":712028},"component---src-pages-terms-tsx":{"name":"component---src-pages-terms-tsx","assets":[{"name":"2e3a845b-4795c83a06a80e65198c.js","size":541},{"name":"component---src-pages-terms-tsx-b6e9df795096f42be08b.js","size":5404}],"filteredAssets":0,"assetsSize":5945,"filteredAuxiliaryAssets":2,"auxiliaryAssetsSize":711229},"component---src-pages-test-0932548778-ladfs-tsx":{"name":"component---src-pages-test-0932548778-ladfs-tsx","assets":[{"name":"component---src-pages-test-0932548778-ladfs-tsx-e19eb0bfab8d459e3687.js","size":278}],"filteredAssets":0,"assetsSize":278,"filteredAuxiliaryAssets":1,"auxiliaryAssetsSize":462}},"assetsByChunkName":{"app":["webpack-runtime-f8159cef096ef84289d4.js","framework-182ccc60e9f521006f20.js","styles.b6946cfdb71faabb4dbb.css","app-102100cce58e3c850cc6.js"],"component---src-pages-404-tsx":["68c0a17d-200bbb36988231cfcaef.js","ead1b3d08195245529124dda34a7a625f5d7ffde-ca3c6014f4a5d1eaf5db.js","component---src-pages-404-tsx-c6ea1dbb208c915a422c.js"],"component---src-pages-about-tsx":["styles.b6946cfdb71faabb4dbb.css","68c0a17d-200bbb36988231cfcaef.js","cb355538-3fb5759ad44c2cd814d5.js","646e0218-14c025a54390c3c291a1.js","fea29d9f-43f08412ae6d2df5d87e.js","41155975-34ede1ff803d50689e34.js","ead1b3d08195245529124dda34a7a625f5d7ffde-ca3c6014f4a5d1eaf5db.js","b7bd80be4c7a4b269c8f43b316204676af4f691f-698432d42886363037a1.js","component---src-pages-about-tsx-40fdfda7f3c0f1bcd818.js"],"component---src-pages-blog-index-jsx":["68c0a17d-200bbb36988231cfcaef.js","ead1b3d08195245529124dda34a7a625f5d7ffde-ca3c6014f4a5d1eaf5db.js","component---src-pages-blog-index-jsx-9546021f99e1afee09ed.js"],"component---src-pages-blog-mdx-frontmatter-slug-js-content-file-path-blog-everything-a-web-developer-should-know-about-figma-index-mdx":["framework-182ccc60e9f521006f20.js","68c0a17d-200bbb36988231cfcaef.js","ead1b3d08195245529124dda34a7a625f5d7ffde-ca3c6014f4a5d1eaf5db.js","900be1acffa023d7d89d91084987d2f84fdfcdfd-b56fde9cac91dcef325a.js","component---src-pages-blog-mdx-frontmatter-slug-js-content-file-path-blog-everything-a-web-developer-should-know-about-figma-index-mdx-1902de48fc48efae4b29.js"],"component---src-pages-blog-mdx-frontmatter-slug-js-content-file-path-blog-harnessing-the-power-of-usecontext-index-mdx":["framework-182ccc60e9f521006f20.js","68c0a17d-200bbb36988231cfcaef.js","ead1b3d08195245529124dda34a7a625f5d7ffde-ca3c6014f4a5d1eaf5db.js","900be1acffa023d7d89d91084987d2f84fdfcdfd-b56fde9cac91dcef325a.js","component---src-pages-blog-mdx-frontmatter-slug-js-content-file-path-blog-harnessing-the-power-of-usecontext-index-mdx-66b2a02a0b79598c69d8.js"],"component---src-pages-blog-mdx-frontmatter-slug-js-content-file-path-blog-using-context-api-or-redux-index-mdx":["framework-182ccc60e9f521006f20.js","68c0a17d-200bbb36988231cfcaef.js","ead1b3d08195245529124dda34a7a625f5d7ffde-ca3c6014f4a5d1eaf5db.js","900be1acffa023d7d89d91084987d2f84fdfcdfd-b56fde9cac91dcef325a.js","component---src-pages-blog-mdx-frontmatter-slug-js-content-file-path-blog-using-context-api-or-redux-index-mdx-6619cba09ad3031fe889.js"],"component---src-pages-blog-mdx-frontmatter-slug-js-content-file-path-blog-why-its-time-to-ditch-redux-in-react-index-mdx":["framework-182ccc60e9f521006f20.js","68c0a17d-200bbb36988231cfcaef.js","ead1b3d08195245529124dda34a7a625f5d7ffde-ca3c6014f4a5d1eaf5db.js","900be1acffa023d7d89d91084987d2f84fdfcdfd-b56fde9cac91dcef325a.js","component---src-pages-blog-mdx-frontmatter-slug-js-content-file-path-blog-why-its-time-to-ditch-redux-in-react-index-mdx-53d4e2a8416c892e1cad.js"],"component---src-pages-contact-tsx":["styles.b6946cfdb71faabb4dbb.css","68c0a17d-200bbb36988231cfcaef.js","cb355538-3fb5759ad44c2cd814d5.js","019d026b-14de4be00f42bd812887.js","6b2193de-c82c567ed60325726684.js","ead1b3d08195245529124dda34a7a625f5d7ffde-ca3c6014f4a5d1eaf5db.js","component---src-pages-contact-tsx-5d5088092a71fea6e03b.js"],"component---src-pages-index-tsx":["styles.b6946cfdb71faabb4dbb.css","68c0a17d-200bbb36988231cfcaef.js","cb355538-3fb5759ad44c2cd814d5.js","646e0218-14c025a54390c3c291a1.js","ebc70433-59e208be2185bbdd5856.js","ead1b3d08195245529124dda34a7a625f5d7ffde-ca3c6014f4a5d1eaf5db.js","b7bd80be4c7a4b269c8f43b316204676af4f691f-698432d42886363037a1.js","component---src-pages-index-tsx-da6ce160ad47b2ef4ca7.js"],"component---src-pages-portfolio-tsx":["styles.b6946cfdb71faabb4dbb.css","68c0a17d-200bbb36988231cfcaef.js","cb355538-3fb5759ad44c2cd814d5.js","ebc70433-59e208be2185bbdd5856.js","ead1b3d08195245529124dda34a7a625f5d7ffde-ca3c6014f4a5d1eaf5db.js","b7bd80be4c7a4b269c8f43b316204676af4f691f-698432d42886363037a1.js","component---src-pages-portfolio-tsx-3115eabeb3895ab36778.js"],"component---src-pages-privacy-policy-tsx":["2e3a845b-4795c83a06a80e65198c.js","component---src-pages-privacy-policy-tsx-c4ea7ceba58156c93b3f.js"],"component---src-pages-terms-tsx":["2e3a845b-4795c83a06a80e65198c.js","component---src-pages-terms-tsx-b6e9df795096f42be08b.js"],"component---src-pages-test-0932548778-ladfs-tsx":["component---src-pages-test-0932548778-ladfs-tsx-e19eb0bfab8d459e3687.js"]},"childAssetsByChunkName":{}}